{
  "accuracy": 0.5463237718430597,
  "precision": 0.5117422899490294,
  "recall": 0.5372029043923983,
  "f1": 0.5166738259127232
}