{
  "accuracy": 0.6353577575608557,
  "precision": 0.6270813002883111,
  "recall": 0.6364140001774506,
  "f1": 0.6231056624794057
}